,Symbol
0,AACG
1,AACI
2,AACIU
3,AACIW
4,AADI
5,AADR
6,AAL
7,AAME
8,AAOI
9,AAON
10,AAPL
11,AATC
12,AAWW
13,AAXJ
14,ABCB
15,ABCL
16,ABCM
17,ABEO
18,ABGI
19,ABIO
20,ABMD
21,ABNB
22,ABOS
23,ABSI
24,ABST
25,ABTX
26,ABUS
27,ABVC
28,ACAD
29,ACAH
30,ACAHU
31,ACAHW
32,ACB
33,ACBA
34,ACBAU
35,ACBAW
36,ACBI
37,ACCD
38,ACER
39,ACET
40,ACEV
41,ACEVU
42,ACEVW
43,ACGL
44,ACGLN
45,ACGLO
46,ACHC
47,ACHL
48,ACHV
49,ACIU
50,ACIW
51,ACKIT
52,ACKIU
53,ACKIW
54,ACLS
55,ACMR
56,ACNB
57,ACOR
58,ACQR
59,ACQRU
60,ACQRW
61,ACRS
62,ACRX
63,ACST
64,ACT
65,ACTD
66,ACTDU
67,ACTDW
68,ACTG
69,ACVA
70,ACWI
71,ACWX
72,ACXP
73,ADAG
74,ADALU
75,ADAP
76,ADBE
77,ADER
78,ADERU
79,ADERW
80,ADES
81,ADGI
82,ADI
83,ADIL
84,ADILW
85,ADMA
86,ADMP
87,ADMS
88,ADN
89,ADNWW
90,ADOC
91,ADOCR
92,ADOCW
93,ADP
94,ADPT
95,ADRE
96,ADSK
97,ADTN
98,ADTX
99,ADUS
100,ADV
101,ADVM
102,ADVWW
103,ADXN
104,ADXS
105,AEAC
106,AEACU
107,AEACW
108,AEAEU
109,AEHA
110,AEHAU
111,AEHAW
112,AEHL
113,AEHR
114,AEI
115,AEIS
116,AEMD
117,AEP
118,AEPPL
119,AEPPZ
120,AERI
121,AESE
122,AEY
123,AEYE
124,AEZS
125,AFACU
126,AFAQ
127,AFAQU
128,AFAQW
129,AFBI
130,AFCG
131,AFIB
132,AFIN
133,AFINO
134,AFINP
135,AFMD
136,AFRM
137,AFYA
138,AGBA
139,AGBAR
140,AGBAU
141,AGBAW
142,AGC
143,AGCUU
144,AGCWW
145,AGEN
146,AGFS
147,AGFY
148,AGGR
149,AGGRU
150,AGGRW
151,AGIL
152,AGILW
153,AGIO
154,AGLE
155,AGMH
156,AGNC
157,AGNCM
158,AGNCN
159,AGNCO
160,AGNCP
161,AGNG
162,AGRI
163,AGRIW
164,AGRX
165,AGTC
166,AGYS
167,AGZD
168,AHCO
169,AHPA
170,AHPAU
171,AHPAW
172,AHPI
173,AIA
174,AIH
175,AIHS
176,AIKI
177,AIMC
178,AINV
179,AIP
180,AIQ
181,AIRG
182,AIRR
183,AIRS
184,AIRT
185,AIRTP
186,AKAM
187,AKBA
188,AKIC
189,AKICU
190,AKICW
191,AKRO
192,AKTS
193,AKTX
194,AKU
195,AKUS
196,AKYA
197,ALAC
198,ALACR
199,ALACU
200,ALACW
201,ALBO
202,ALCO
203,ALDX
204,ALEC
205,ALF
206,ALFIW
207,ALGM
208,ALGN
209,ALGS
210,ALGT
211,ALHC
212,ALIM
213,ALJJ
214,ALKS
215,ALKT
216,ALLK
217,ALLO
218,ALLT
219,ALNA
220,ALNY
221,ALOT
222,ALPA
223,ALPAU
224,ALPAW
225,ALPN
226,ALPP
227,ALRM
228,ALRN
229,ALRS
230,ALT
231,ALTM
232,ALTO
233,ALTR
234,ALTU
235,ALTUU
236,ALTUW
237,ALTY
238,ALVR
239,ALXO
240,ALYA
241,ALZN
242,AMAL
243,AMAO
244,AMAOU
245,AMAOW
246,AMAT
247,AMBA
248,AMCI
249,AMCIU
250,AMCIW
251,AMCX
252,AMD
253,AMED
254,AMEH
255,AMGN
256,AMKR
257,AMNB
258,AMOT
259,AMPG
260,AMPGW
261,AMPH
262,AMPL
263,AMRK
264,AMRN
265,AMRS
266,AMSC
267,AMSF
268,AMST
269,AMSWA
270,AMTB
271,AMTI
272,AMTX
273,AMWD
274,AMYT
275,AMZN
276,ANAB
277,ANAT
278,ANDE
279,ANEB
280,ANGI
281,ANGL
282,ANGN
283,ANGO
284,ANIK
285,ANIP
286,ANIX
287,ANNX
288,ANPC
289,ANSS
290,ANTE
291,ANY
292,ANZU
293,ANZUU
294,ANZUW
295,AOSL
296,AOUT
297,APA
298,APAC
299,APACU
300,APACW
301,APDN
302,APEI
303,APEN
304,API
305,APLS
306,APLT
307,APM
308,APMI
309,APMIU
310,APMIW
311,APOG
312,APP
313,APPF
314,APPH
315,APPHW
316,APPN
317,APPS
318,APR
319,APRE
320,APTM
321,APTMU
322,APTMW
323,APTO
324,APTX
325,APVO
326,APWC
327,APYX
328,AQB
329,AQMS
330,AQST
331,AQWA
332,ARAV
333,ARAY
334,ARBE
335,ARBEW
336,ARBG
337,ARBGU
338,ARBGW
339,ARBK
340,ARBKL
341,ARCB
342,ARCC
343,ARCE
344,ARCKU
345,ARCT
346,ARDS
347,ARDX
348,AREC
349,ARGU
350,ARGUU
351,ARGUW
352,ARGX
353,ARHS
354,ARIZU
355,ARKO
356,ARKOW
357,ARKR
358,ARLP
359,ARNA
360,AROW
361,ARQQ
362,ARQQW
363,ARQT
364,ARRW
365,ARRWU
366,ARRWW
367,ARRY
368,ARTA
369,ARTAU
370,ARTAW
371,ARTEU
372,ARTL
373,ARTLW
374,ARTNA
375,ARTW
376,ARVL
377,ARVN
378,ARWR
379,ARYD
380,ARYE
381,ASAX
382,ASAXU
383,ASAXW
384,ASET
385,ASLE
386,ASLEW
387,ASLN
388,ASMB
389,ASML
390,ASND
391,ASO
392,ASPA
393,ASPAU
394,ASPAW
395,ASPC
396,ASPCU
397,ASPCW
398,ASPS
399,ASPU
400,ASRT
401,ASRV
402,ASTC
403,ASTE
404,ASTL
405,ASTLW
406,ASTR
407,ASTRW
408,ASTS
409,ASTSW
410,ASUR
411,ASYS
412,ATAI
413,ATAX
414,ATCOL
415,ATCX
416,ATEC
417,ATER
418,ATEX
419,ATHA
420,ATHE
421,ATHX
422,ATIF
423,ATLC
424,ATLCP
425,ATLO
426,ATNF
427,ATNFW
428,ATNI
429,ATNX
430,ATOM
431,ATOS
432,ATRA
433,ATRC
434,ATRI
435,ATRO
436,ATRS
437,ATSG
438,ATSPT
439,ATSPU
440,ATSPW
441,ATVC
442,ATVCU
443,ATVCW
444,ATVI
445,ATXI
446,ATXS
447,ATY
448,AUB
449,AUBAP
450,AUBN
451,AUDC
452,AUGX
453,AUID
454,AUPH
455,AUR
456,AURA
457,AURC
458,AURCU
459,AURCW
460,AUROW
461,AUTL
462,AUTO
463,AUUD
464,AUUDW
465,AUVI
466,AUVIP
467,AVACU
468,AVAH
469,AVAV
470,AVCO
471,AVCT
472,AVCTW
473,AVDL
474,AVDX
475,AVEO
476,AVGO
477,AVGOP
478,AVGR
479,AVHI
480,AVHIU
481,AVHIW
482,AVID
483,AVIR
484,AVNW
485,AVO
486,AVPT
487,AVPTW
488,AVRO
489,AVT
490,AVTE
491,AVTX
492,AVXL
493,AWH
494,AWRE
495,AXDX
496,AXGN
497,AXLA
498,AXNX
499,AXON
500,AXSM
501,AXTI
502,AY
503,AYLA
504,AYRO
505,AYTU
506,AZN
507,AZPN
508,AZYO
509,BAND
510,BANF
511,BANFP
512,BANR
513,BANX
514,BAOS
515,BASE
516,BATRA
517,BATRK
518,BBBY
519,BBCP
520,BBGI
521,BBH
522,BBI
523,BBIG
524,BBIO
525,BBLG
526,BBLGW
527,BBQ
528,BBSI
529,BCAB
530,BCAC
531,BCACU
532,BCACW
533,BCBP
534,BCDA
535,BCDAW
536,BCEL
537,BCLI
538,BCML
539,BCOR
540,BCOV
541,BCOW
542,BCPC
543,BCRX
544,BCSAU
545,BCTX
546,BCTXW
547,BCYC
548,BDSI
549,BDSX
550,BDTX
551,BEAM
552,BEAT
553,BEATW
554,BECN
555,BEEM
556,BEEMW
557,BELFA
558,BELFB
559,BENE
560,BENER
561,BENEU
562,BENEW
563,BFC
564,BFI
565,BFIIW
566,BFIN
567,BFIT
568,BFRA
569,BFRI
570,BFRIW
571,BFST
572,BGCP
573,BGFV
574,BGNE
575,BGRN
576,BGRY
577,BGRYW
578,BHACU
579,BHAT
580,BHF
581,BHFAL
582,BHFAN
583,BHFAO
584,BHFAP
585,BHSE
586,BHSEU
587,BHSEW
588,BHTG
589,BIB
590,BICK
591,BIDU
592,BIGC
593,BIIB
594,BILI
595,BIMI
596,BIOC
597,BIOL
598,BIOT
599,BIOTU
600,BIOTW
601,BIOX
602,BIRD
603,BIS
604,BITF
605,BITS
606,BIVI
607,BJDX
608,BJK
609,BJRI
610,BKCC
611,BKCH
612,BKEP
613,BKEPP
614,BKNG
615,BKSC
616,BKYI
617,BL
618,BLBD
619,BLBX
620,BLCM
621,BLCN
622,BLCT
623,BLDE
624,BLDEW
625,BLDP
626,BLEUU
627,BLFS
628,BLFY
629,BLI
630,BLIN
631,BLKB
632,BLMN
633,BLNG
634,BLNGU
635,BLNGW
636,BLNK
637,BLNKW
638,BLPH
639,BLRX
640,BLSA
641,BLTS
642,BLTSU
643,BLTSW
644,BLU
645,BLUE
646,BLZE
647,BMAQ
648,BMAQR
649,BMAQU
650,BMAQW
651,BMBL
652,BMEA
653,BMRA
654,BMRC
655,BMRN
656,BMTC
657,BND
658,BNDW
659,BNDX
660,BNFT
661,BNGO
662,BNGOW
663,BNIX
664,BNIXR
665,BNIXW
666,BNNR
667,BNNRU
668,BNNRW
669,BNR
670,BNSO
671,BNTC
672,BNTX
673,BOKF
674,BOLT
675,BOMN
676,BON
677,BOOM
678,BOSC
679,BOTJ
680,BOTZ
681,BOXL
682,BPMC
683,BPOP
684,BPOPM
685,BPRN
686,BPTH
687,BPTS
688,BPYPM
689,BPYPN
690,BPYPO
691,BPYPP
692,BRAG
693,BRCN
694,BREZ
695,BREZR
696,BREZW
697,BRID
698,BRIV
699,BRIVU
700,BRIVW
701,BRKL
702,BRKR
703,BRKS
704,BRLI
705,BRLIR
706,BRLIU
707,BRLIW
708,BRLT
709,BROG
710,BROGW
711,BRP
712,BRPM
713,BRPMU
714,BRPMW
715,BRQS
716,BRTX
717,BRY
718,BRZE
719,BSAE
720,BSBE
721,BSBK
722,BSCE
723,BSCL
724,BSCM
725,BSCN
726,BSCO
727,BSCP
728,BSCQ
729,BSCR
730,BSCS
731,BSCT
732,BSCU
733,BSCV
734,BSDE
735,BSET
736,BSFC
737,BSGA
738,BSGAR
739,BSGAU
740,BSGM
741,BSJL
742,BSJM
743,BSJN
744,BSJO
745,BSJP
746,BSJQ
747,BSJR
748,BSJS
749,BSJT
750,BSKY
751,BSKYU
752,BSKYW
753,BSML
754,BSMM
755,BSMN
756,BSMO
757,BSMP
758,BSMQ
759,BSMR
760,BSMS
761,BSMT
762,BSMU
763,BSMV
764,BSQR
765,BSRR
766,BSVN
767,BSY
768,BTAI
769,BTAQ
770,BTAQU
771,BTAQW
772,BTB
773,BTBD
774,BTBDW
775,BTBT
776,BTCS
777,BTCY
778,BTEC
779,BTF
780,BTNB
781,BTRS
782,BTRSW
783,BTTX
784,BTWN
785,BTWNU
786,BTWNW
787,BTX
788,BUG
789,BUSE
790,BVS
791,BVXV
792,BWAC
793,BWACU
794,BWACW
795,BWAY
796,BWB
797,BWBBP
798,BWC
799,BWCAU
800,BWCAW
801,BWEN
802,BWFG
803,BWMN
804,BWMX
805,BXRX
806,BYFC
807,BYND
808,BYRN
809,BYSI
810,BYTS
811,BYTSU
812,BYTSW
813,BZ
814,BZUN
815,CAAS
816,CABA
817,CAC
818,CACC
819,CACG
820,CADL
821,CAKE
822,CALA
823,CALB
824,CALM
825,CALT
826,CAMP
827,CAMT
828,CAN
829,CAPR
830,CAR
831,CARA
832,CARE
833,CARG
834,CARV
835,CARZ
836,CASA
837,CASH
838,CASI
839,CASS
840,CASY
841,CATC
842,CATH
843,CATY
844,CBAN
845,CBAT
846,CBAY
847,CBFV
848,CBIO
849,CBNK
850,CBRGU
851,CBRL
852,CBSH
853,CBTX
854,CCAI
855,CCAIU
856,CCAIW
857,CCAP
858,CCB
859,CCBG
860,CCCC
861,CCD
862,CCEL
863,CCEP
864,CCLP
865,CCMP
866,CCNC
867,CCNE
868,CCNEP
869,CCOI
870,CCRN
871,CCSI
872,CCTSU
873,CCXI
874,CD
875,CDAK
876,CDAQU
877,CDC
878,CDEV
879,CDK
880,CDL
881,CDLX
882,CDMO
883,CDNA
884,CDNS
885,CDTX
886,CDW
887,CDXC
888,CDXS
889,CDZI
890,CDZIP
891,CECE
892,CEFA
893,CELC
894,CELH
895,CELU
896,CELUW
897,CEMI
898,CENQ
899,CENQU
900,CENQW
901,CENT
902,CENTA
903,CENX
904,CERE
905,CERN
906,CERS
907,CERT
908,CETX
909,CETXP
910,CETXW
911,CEVA
912,CEY
913,CFA
914,CFB
915,CFBK
916,CFFE
917,CFFEU
918,CFFEW
919,CFFI
920,CFFN
921,CFFVU
922,CFFVW
923,CFIV
924,CFIVU
925,CFIVW
926,CFLT
927,CFMS
928,CFO
929,CFRX
930,CFV
931,CFVI
932,CFVIU
933,CFVIW
934,CG
935,CGABL
936,CGBD
937,CGC
938,CGEM
939,CGEN
940,CGNT
941,CGNX
942,CGO
943,CGRN
944,CGTX
945,CHB
946,CHCI
947,CHCO
948,CHDN
949,CHEF
950,CHEK
951,CHEKZ
952,CHI
953,CHK
954,CHKEL
955,CHKEW
956,CHKEZ
957,CHKP
958,CHMG
959,CHNA
960,CHNG
961,CHNGU
962,CHNR
963,CHPM
964,CHPMU
965,CHPMW
966,CHRS
967,CHRW
968,CHSCL
969,CHSCM
970,CHSCN
971,CHSCO
972,CHSCP
973,CHTR
974,CHUY
975,CHW
976,CHWA
977,CHWAU
978,CHWAW
979,CHX
980,CHY
981,CIBR
982,CID
983,CIDM
984,CIFR
985,CIFRW
986,CIGI
987,CIH
988,CIIG
989,CIIGU
990,CIIGW
991,CIL
992,CINF
993,CIVB
994,CIZ
995,CIZN
996,CJJD
997,CKPT
998,CLAQ
999,CLAQR
1000,CLAQU
1001,CLAQW
1002,CLAR
1003,CLAY
1004,CLAYU
1005,CLAYW
1006,CLBK
1007,CLBS
1008,CLBT
1009,CLBTW
1010,CLDX
1011,CLEU
1012,CLFD
1013,CLGN
1014,CLIR
1015,CLLS
1016,CLMT
1017,CLNE
1018,CLNN
1019,CLNNW
1020,CLOE
1021,CLOER
1022,CLOEU
1023,CLOU
1024,CLOV
1025,CLPS
1026,CLPT
1027,CLRB
1028,CLRG
1029,CLRM
1030,CLRMU
1031,CLRMW
1032,CLRO
1033,CLSD
1034,CLSK
1035,CLSN
1036,CLST
1037,CLVR
1038,CLVRW
1039,CLVS
1040,CLWT
1041,CLXT
1042,CMAX
1043,CMAXW
1044,CMBM
1045,CMCO
1046,CMCSA
1047,CMCT
1048,CMCTP
1049,CME
1050,CMLS
1051,CMLT
1052,CMLTU
1053,CMLTW
1054,CMMB
1055,CMPI
1056,CMPR
1057,CMPS
1058,CMPX
1059,CMRX
1060,CMTL
1061,CNCE
1062,CNCR
1063,CNDT
1064,CNET
1065,CNEY
1066,CNFR
1067,CNFRL
1068,CNNB
1069,CNOB
1070,CNOBP
1071,CNSL
1072,CNSP
1073,CNTA
1074,CNTB
1075,CNTG
1076,CNTQ
1077,CNTQU
1078,CNTQW
1079,CNTX
1080,CNTY
1081,CNXC
1082,CNXN
1083,COCO
1084,COCP
1085,CODA
1086,CODX
1087,COFS
1088,COGT
1089,COHR
1090,COHU
1091,COIN
1092,COKE
1093,COLB
1094,COLI
1095,COLIU
1096,COLIW
1097,COLL
1098,COLM
1099,COMM
1100,COMS
1101,COMSP
1102,COMSW
1103,COMT
1104,CONE
1105,CONN
1106,CONX
1107,CONXU
1108,CONXW
1109,COOL
1110,COOLU
1111,COOLW
1112,COOP
1113,CORT
1114,COST
1115,COUP
1116,COVA
1117,COVAU
1118,COVAW
1119,COWN
1120,COWNL
1121,CPAA
1122,CPAAU
1123,CPAAW
1124,CPAR
1125,CPARU
1126,CPARW
1127,CPHC
1128,CPIX
1129,CPLP
1130,CPOP
1131,CPRT
1132,CPRX
1133,CPSH
1134,CPSI
1135,CPSS
1136,CPTAG
1137,CPTAL
1138,CPZ
1139,CRAI
1140,CRBP
1141,CRBU
1142,CRCT
1143,CRDF
1144,CRDL
1145,CREG
1146,CRESW
1147,CRESY
1148,CREX
1149,CREXW
1150,CRIS
1151,CRKN
1152,CRMD
1153,CRMT
1154,CRNC
1155,CRNT
1156,CRNX
1157,CRON
1158,CROX
1159,CRSP
1160,CRSR
1161,CRTD
1162,CRTDW
1163,CRTO
1164,CRTX
1165,CRUS
1166,CRVL
1167,CRVS
1168,CRWD
1169,CRWS
1170,CRXT
1171,CRXTW
1172,CRZN
1173,CRZNU
1174,CRZNW
1175,CSA
1176,CSB
1177,CSBR
1178,CSCO
1179,CSCW
1180,CSF
1181,CSGP
1182,CSGS
1183,CSII
1184,CSIQ
1185,CSML
1186,CSPI
1187,CSQ
1188,CSSE
1189,CSSEN
1190,CSSEP
1191,CSTE
1192,CSTL
1193,CSTR
1194,CSWC
1195,CSWI
1196,CSX
1197,CTAQ
1198,CTAQU
1199,CTAQW
1200,CTAS
1201,CTBI
1202,CTEC
1203,CTG
1204,CTHR
1205,CTIB
1206,CTIC
1207,CTKB
1208,CTLP
1209,CTMX
1210,CTRE
1211,CTRM
1212,CTRN
1213,CTSH
1214,CTSO
1215,CTXR
1216,CTXRW
1217,CTXS
1218,CUBA
1219,CUE
1220,CUEN
1221,CUENW
1222,CULL
1223,CURI
1224,CURIW
1225,CUTR
1226,CVAC
1227,CVBF
1228,CVCO
1229,CVCY
1230,CVET
1231,CVGI
1232,CVGW
1233,CVLG
1234,CVLT
1235,CVLY
1236,CVRX
1237,CVV
1238,CWBC
1239,CWBR
1240,CWCO
1241,CWST
1242,CXDO
1243,CXSE
1244,CYAD
1245,CYAN
1246,CYBE
1247,CYBR
1248,CYCC
1249,CYCCP
1250,CYCN
1251,CYN
1252,CYRN
1253,CYRX
1254,CYT
1255,CYTH
1256,CYTHW
1257,CYTK
1258,CYTO
1259,CYXT
1260,CYXTW
1261,CZNC
1262,CZR
1263,CZWI
1264,DADA
1265,DAIO
1266,DAKT
1267,DALI
1268,DALN
1269,DALS
1270,DAPP
1271,DARE
1272,DATS
1273,DATSW
1274,DAWN
1275,DAX
1276,DBDR
1277,DBDRU
1278,DBDRW
1279,DBGI
1280,DBGIW
1281,DBTX
1282,DBVT
1283,DBX
1284,DCBO
1285,DCGO
1286,DCGOW
1287,DCOM
1288,DCOMP
1289,DCPH
1290,DCRC
1291,DCRCU
1292,DCRCW
1293,DCRD
1294,DCRDU
1295,DCRDW
1296,DCRN
1297,DCRNU
1298,DCRNW
1299,DCT
1300,DCTH
1301,DDI
1302,DDIV
1303,DDMX
1304,DDMXU
1305,DDMXW
1306,DDOG
1307,DEMZ
1308,DENN
1309,DERM
1310,DFFN
1311,DFH
1312,DGHI
1313,DGICA
1314,DGICB
1315,DGII
1316,DGLY
1317,DGNS
1318,DGNU
1319,DGRE
1320,DGRS
1321,DGRW
1322,DH
1323,DHACU
1324,DHBC
1325,DHBCU
1326,DHBCW
1327,DHC
1328,DHCA
1329,DHCAU
1330,DHCAW
1331,DHCNI
1332,DHCNL
1333,DHHC
1334,DHHCU
1335,DHHCW
1336,DHIL
1337,DIBS
1338,DICE
1339,DILA
1340,DILAU
1341,DILAW
1342,DIOD
1343,DISA
1344,DISAU
1345,DISAW
1346,DISCA
1347,DISCB
1348,DISCK
1349,DISH
1350,DJCO
1351,DKDCA
1352,DKDCU
1353,DKDCW
1354,DKNG
1355,DLCA
1356,DLCAU
1357,DLCAW
1358,DLHC
1359,DLO
1360,DLPN
1361,DLTH
1362,DLTR
1363,DMAC
1364,DMAQU
1365,DMLP
1366,DMRC
1367,DMTK
1368,DMXF
1369,DNAA
1370,DNAB
1371,DNAC
1372,DNAD
1373,DNAY
1374,DNLI
1375,DNUT
1376,DOCU
1377,DOGZ
1378,DOMO
1379,DOOO
1380,DORM
1381,DOX
1382,DOYU
1383,DPCSU
1384,DPRO
1385,DRAY
1386,DRAYU
1387,DRAYW
1388,DRIO
1389,DRIV
1390,DRMA
1391,DRMAW
1392,DRNA
1393,DRRX
1394,DRTT
1395,DRUG
1396,DRVN
1397,DSAC
1398,DSACU
1399,DSACW
1400,DSEY
1401,DSGN
1402,DSGX
1403,DSKE
1404,DSKEW
1405,DSP
1406,DSPG
1407,DSWL
1408,DTEA
1409,DTIL
1410,DTOC
1411,DTOCU
1412,DTOCW
1413,DTRT
1414,DTRTU
1415,DTRTW
1416,DTSS
1417,DTST
1418,DTSTW
1419,DUNE
1420,DUNEU
1421,DUNEW
1422,DUO
1423,DUOL
1424,DUOT
1425,DVAX
1426,DVLU
1427,DVOL
1428,DVY
1429,DWAC
1430,DWACU
1431,DWACW
1432,DWAS
1433,DWAT
1434,DWAW
1435,DWCR
1436,DWEQ
1437,DWMC
1438,DWPP
1439,DWSH
1440,DWSN
1441,DWUS
1442,DXCM
1443,DXGE
1444,DXJS
1445,DXLG
1446,DXPE
1447,DXYN
1448,DYAI
1449,DYN
1450,DYNS
1451,DYNT
1452,DZSI
1453,EA
1454,EAC
1455,EACPU
1456,EACPW
1457,EAR
1458,EAST
1459,EBAC
1460,EBACU
1461,EBACW
1462,EBAY
1463,EBC
1464,EBET
1465,EBIX
1466,EBIZ
1467,EBMT
1468,EBON
1469,EBTC
1470,ECHO
1471,ECOL
1472,ECOLW
1473,ECOR
1474,ECOW
1475,ECPG
1476,EDAP
1477,EDIT
1478,EDNC
1479,EDNCU
1480,EDNCW
1481,EDOC
1482,EDRY
1483,EDSA
1484,EDTK
1485,EDTX
1486,EDTXU
1487,EDTXW
1488,EDUC
1489,EDUT
1490,EEFT
1491,EEIQ
1492,EEMA
1493,EFAS
1494,EFOI
1495,EFSC
1496,EFSCP
1497,EFTR
1498,EFTRW
1499,EGAN
1500,EGBN
1501,EGLE
1502,EGLX
1503,EGRX
1504,EH
1505,EHTH
1506,EIGR
1507,EJFA
1508,EJFAU
1509,EJFAW
1510,EJH
1511,EKSO
1512,ELDN
1513,ELEV
1514,ELMS
1515,ELMSW
1516,ELOX
1517,ELSE
1518,ELTK
1519,ELYM
1520,ELYS
1521,EM
1522,EMB
1523,EMBK
1524,EMBKW
1525,EMCB
1526,EMCF
1527,EMIF
1528,EMKR
1529,EML
1530,EMXC
1531,EMXF
1532,ENCPU
1533,ENDP
1534,ENERU
1535,ENFA
1536,ENFAU
1537,ENFAW
1538,ENG
1539,ENJY
1540,ENJYW
1541,ENLV
1542,ENNV
1543,ENNVU
1544,ENNVW
1545,ENOB
1546,ENPH
1547,ENSC
1548,ENSG
1549,ENTA
1550,ENTFU
1551,ENTG
1552,ENTX
1553,ENTXW
1554,ENVB
1555,ENVI
1556,ENVIU
1557,ENVIW
1558,ENVX
1559,ENVXW
1560,ENZL
1561,EOLS
1562,EOSE
1563,EOSEW
1564,EPAY
1565,EPHY
1566,EPHYU
1567,EPHYW
1568,EPIX
1569,EPSN
1570,EPZM
1571,EQ
1572,EQBK
1573,EQIX
1574,EQOS
1575,EQRR
1576,ERAS
1577,ERES
1578,ERESU
1579,ERESW
1580,ERIC
1581,ERIE
1582,ERII
1583,ERYP
1584,ESACU
1585,ESBK
1586,ESCA
1587,ESEA
1588,ESGD
1589,ESGE
1590,ESGR
1591,ESGRO
1592,ESGRP
1593,ESGU
1594,ESLT
1595,ESMV
1596,ESPO
1597,ESPR
1598,ESQ
1599,ESSA
1600,ESSC
1601,ESSCR
1602,ESSCU
1603,ESSCW
1604,ESTA
1605,ESXB
1606,ETAC
1607,ETACU
1608,ETACW
1609,ETNB
1610,ETON
1611,ETSY
1612,ETTX
1613,EUCR
1614,EUCRU
1615,EUCRW
1616,EUFN
1617,EUSG
1618,EUSGU
1619,EUSGW
1620,EVAX
1621,EVBG
1622,EVCM
1623,EVER
1624,EVFM
1625,EVGBC
1626,EVGN
1627,EVGO
1628,EVGOW
1629,EVK
1630,EVLMC
1631,EVLO
1632,EVLV
1633,EVLVW
1634,EVO
1635,EVOJ
1636,EVOJU
1637,EVOJW
1638,EVOK
1639,EVOL
1640,EVOP
1641,EVSTC
1642,EWBC
1643,EWCZ
1644,EWEB
1645,EWJE
1646,EWJV
1647,EWTX
1648,EWZS
1649,EXAI
1650,EXAS
1651,EXC
1652,EXEL
1653,EXFY
1654,EXLS
1655,EXPD
1656,EXPE
1657,EXPI
1658,EXPO
1659,EXTR
1660,EYE
1661,EYEN
1662,EYES
1663,EYESW
1664,EYPT
1665,EZFL
1666,EZGO
1667,EZPW
1668,FA
1669,FAAR
1670,FAB
1671,FAD
1672,FALN
1673,FAMI
1674,FANG
1675,FANH
1676,FARM
1677,FARO
1678,FAST
1679,FAT
1680,FATBB
1681,FATBP
1682,FATBW
1683,FATE
1684,FATPU
1685,FB
1686,FBIO
1687,FBIOP
1688,FBIZ
1689,FBMS
1690,FBNC
1691,FBRX
1692,FBZ
1693,FCA
1694,FCAL
1695,FCAP
1696,FCBC
1697,FCCO
1698,FCCY
1699,FCEF
1700,FCEL
1701,FCFS
1702,FCNCA
1703,FCNCP
1704,FCRD
1705,FCUV
1706,FCVT
1707,FDBC
1708,FDIV
1709,FDMT
1710,FDNI
1711,FDT
1712,FDTS
1713,FDUS
1714,FEIM
1715,FELE
1716,FEM
1717,FEMB
1718,FEMS
1719,FEMY
1720,FENC
1721,FEP
1722,FEUZ
1723,FEX
1724,FEXDU
1725,FFBC
1726,FFBW
1727,FFHL
1728,FFIC
1729,FFIE
1730,FFIEW
1731,FFIN
1732,FFIV
1733,FFNW
1734,FFWM
1735,FGBI
1736,FGBIP
1737,FGEN
1738,FGF
1739,FGFPP
1740,FGM
1741,FHB
1742,FHLTU
1743,FHTX
1744,FIACU
1745,FIBK
1746,FICS
1747,FICV
1748,FICVU
1749,FICVW
1750,FID
1751,FINM
1752,FINMU
1753,FINMW
1754,FINX
1755,FISI
1756,FISV
1757,FITB
1758,FITBI
1759,FITBO
1760,FITBP
1761,FIVE
1762,FIVN
1763,FIXD
1764,FIXX
1765,FIZZ
1766,FJP
1767,FKU
1768,FKWL
1769,FLAC
1770,FLACU
1771,FLACW
1772,FLDM
1773,FLEX
1774,FLGC
1775,FLGT
1776,FLIC
1777,FLL
1778,FLMN
1779,FLMNW
1780,FLN
1781,FLNC
1782,FLNT
1783,FLUX
1784,FLWS
1785,FLXN
1786,FLXS
1787,FLYW
1788,FMAO
1789,FMB
1790,FMBH
1791,FMBI
1792,FMBIO
1793,FMBIP
1794,FMHI
1795,FMIV
1796,FMIVU
1797,FMIVW
1798,FMNB
1799,FMTX
1800,FNCB
1801,FNCH
1802,FNHC
1803,FNK
1804,FNKO
1805,FNLC
1806,FNVTU
1807,FNWB
1808,FNWD
1809,FNX
1810,FNY
1811,FOCS
1812,FOLD
1813,FONR
1814,FORA
1815,FORD
1816,FORE
1817,FOREU
1818,FOREW
1819,FORM
1820,FORR
1821,FORTY
1822,FOSL
1823,FOSLL
1824,FOUNU
1825,FOX
1826,FOXA
1827,FOXF
1828,FOXW
1829,FOXWU
1830,FOXWW
1831,FPA
1832,FPAY
1833,FPXE
1834,FPXI
1835,FRAF
1836,FRBA
1837,FRBK
1838,FREE
1839,FREEW
1840,FREQ
1841,FRG
1842,FRGAP
1843,FRGI
1844,FRHC
1845,FRLAU
1846,FRLN
1847,FRME
1848,FROG
1849,FRON
1850,FRONU
1851,FRONW
1852,FRPH
1853,FRPT
1854,FRSG
1855,FRSGU
1856,FRSGW
1857,FRSH
1858,FRST
1859,FRSX
1860,FRTA
1861,FRW
1862,FRWAU
1863,FRWAW
1864,FSBC
1865,FSBW
1866,FSEA
1867,FSFG
1868,FSII
1869,FSLR
1870,FSRX
1871,FSRXU
1872,FSRXW
1873,FSSI
1874,FSSIU
1875,FSSIW
1876,FSTR
1877,FSTX
1878,FSV
1879,FSZ
1880,FTA
1881,FTAA
1882,FTAAU
1883,FTAAW
1884,FTAG
1885,FTC
1886,FTCI
1887,FTCS
1888,FTCV
1889,FTCVU
1890,FTCVW
1891,FTDR
1892,FTEK
1893,FTFT
1894,FTGC
1895,FTHI
1896,FTHM
1897,FTLB
1898,FTNT
1899,FTPA
1900,FTPAU
1901,FTPAW
1902,FTRI
1903,FTRP
1904,FTSL
1905,FTSM
1906,FTVI
1907,FTVIU
1908,FTVIW
1909,FTXD
1910,FTXG
1911,FTXH
1912,FTXL
1913,FTXN
1914,FTXO
1915,FTXR
1916,FULC
1917,FULT
1918,FULTP
1919,FUNC
1920,FUND
1921,FUSB
1922,FUSN
1923,FUTU
1924,FUV
1925,FV
1926,FVAM
1927,FVC
1928,FVCB
1929,FVE
1930,FWAC
1931,FWBI
1932,FWONA
1933,FWONK
1934,FWP
1935,FWRD
1936,FWRG
1937,FXNC
1938,FYBR
1939,FYC
1940,FYT
1941,FYX
1942,GABC
1943,GACQ
1944,GACQU
1945,GACQW
1946,GAIA
1947,GAIN
1948,GAINN
1949,GAINZ
1950,GALT
1951,GAMB
1952,GAMC
1953,GAMCU
1954,GAMCW
1955,GAME
1956,GAN
1957,GANX
1958,GASS
1959,GATEU
1960,GBCI
1961,GBDC
1962,GBIO
1963,GBLI
1964,GBLIL
1965,GBNH
1966,GBNY
1967,GBOX
1968,GBRG
1969,GBRGR
1970,GBRGU
1971,GBRGW
1972,GBS
1973,GBT
1974,GCAC
1975,GCACU
1976,GCACW
1977,GCBC
1978,GCMG
1979,GCMGW
1980,GDEN
1981,GDEV
1982,GDEVW
1983,GDRX
1984,GDS
1985,GDYN
1986,GECC
1987,GECCM
1988,GECCN
1989,GECCO
1990,GEG
1991,GENC
1992,GENE
1993,GENY
1994,GEOS
1995,GERN
1996,GET
1997,GEVO
1998,GFAI
1999,GFAIW
2000,GFED
2001,GFS
2002,GGAL
2003,GGGV
2004,GGGVR
2005,GGGVU
2006,GGMC
2007,GGMCU
2008,GGMCW
2009,GGPI
2010,GGPIU
2011,GGPIW
2012,GH
2013,GHAC
2014,GHACU
2015,GHACW
2016,GHRS
2017,GHSI
2018,GIAC
2019,GIACU
2020,GIACW
2021,GIFI
2022,GIG
2023,GIGE
2024,GIGGU
2025,GIGGW
2026,GIGM
2027,GIII
2028,GIIX
2029,GIIXU
2030,GIIXW
2031,GILD
2032,GILT
2033,GIPR
2034,GIPRW
2035,GIW
2036,GIWWU
2037,GIWWW
2038,GLAD
2039,GLAQ
2040,GLAQU
2041,GLAQW
2042,GLBE
2043,GLBL
2044,GLBLU
2045,GLBLW
2046,GLBS
2047,GLBZ
2048,GLDD
2049,GLDI
2050,GLEE
2051,GLEEU
2052,GLEEW
2053,GLG
2054,GLHA
2055,GLHAU
2056,GLHAW
2057,GLMD
2058,GLNG
2059,GLPG
2060,GLPI
2061,GLRE
2062,GLSI
2063,GLSPT
2064,GLSPU
2065,GLSPW
2066,GLTO
2067,GLUE
2068,GLYC
2069,GMAB
2070,GMBL
2071,GMBLP
2072,GMBLW
2073,GMBT
2074,GMBTU
2075,GMBTW
2076,GMDA
2077,GMII
2078,GMIIU
2079,GMIIW
2080,GMTX
2081,GMVD
2082,GMVDW
2083,GNAC
2084,GNACU
2085,GNACW
2086,GNCA
2087,GNFT
2088,GNLN
2089,GNMA
2090,GNOG
2091,GNOM
2092,GNPX
2093,GNSS
2094,GNTX
2095,GNTY
2096,GNUS
2097,GO
2098,GOBI
2099,GOCO
2100,GOEV
2101,GOEVW
2102,GOGL
2103,GOGO
2104,GOOD
2105,GOODN
2106,GOODO
2107,GOOG
2108,GOOGL
2109,GOSS
2110,GOVX
2111,GOVXW
2112,GP
2113,GPAC
2114,GPACU
2115,GPACW
2116,GPCO
2117,GPCOR
2118,GPCOU
2119,GPCOW
2120,GPP
2121,GPRE
2122,GPRO
2123,GRAY
2124,GRBK
2125,GRCL
2126,GRCY
2127,GRCYU
2128,GRCYW
2129,GREE
2130,GREEL
2131,GRFS
2132,GRID
2133,GRIL
2134,GRIN
2135,GRMN
2136,GRNQ
2137,GROM
2138,GROMW
2139,GROW
2140,GRPH
2141,GRPN
2142,GRTS
2143,GRTX
2144,GRUB
2145,GRVI
2146,GRVY
2147,GRWG
2148,GSAQ
2149,GSAQU
2150,GSAQW
2151,GSBC
2152,GSEV
2153,GSEVU
2154,GSEVW
2155,GSHD
2156,GSIT
2157,GSKY
2158,GSM
2159,GSMG
2160,GSMGW
2161,GT
2162,GTACU
2163,GTBP
2164,GTEC
2165,GTH
2166,GTHX
2167,GTIM
2168,GTLB
2169,GTPA
2170,GTPAU
2171,GTPAW
2172,GTPB
2173,GTPBU
2174,GTPBW
2175,GTR
2176,GTX
2177,GTXAP
2178,GTYH
2179,GURE
2180,GVCIU
2181,GVP
2182,GWGH
2183,GWII
2184,GWIIW
2185,GWRS
2186,GXII
2187,GXIIU
2188,GXIIW
2189,GXTG
2190,GYRO
2191,HA
2192,HAAC
2193,HAACU
2194,HAACW
2195,HAFC
2196,HAIN
2197,HALL
2198,HALO
2199,HAPP
2200,HARP
2201,HAS
2202,HAYN
2203,HBAN
2204,HBANM
2205,HBANP
2206,HBCP
2207,HBIO
2208,HBMD
2209,HBNC
2210,HBP
2211,HBT
2212,HCAQ
2213,HCAR
2214,HCARU
2215,HCARW
2216,HCAT
2217,HCCC
2218,HCCCU
2219,HCCCW
2220,HCCI
2221,HCDI
2222,HCDIP
2223,HCDIW
2224,HCDIZ
2225,HCIC
2226,HCICU
2227,HCICW
2228,HCII
2229,HCIIU
2230,HCIIW
2231,HCKT
2232,HCM
2233,HCNE
2234,HCNEU
2235,HCNEW
2236,HCSG
2237,HCTI
2238,HCVIU
2239,HCWB
2240,HDSN
2241,HEAR
2242,HEES
2243,HELE
2244,HEPA
2245,HEPS
2246,HERA
2247,HERAU
2248,HERAW
2249,HERD
2250,HERO
2251,HEWG
2252,HEXO
2253,HFBL
2254,HFFG
2255,HFWA
2256,HGBL
2257,HGEN
2258,HGSH
2259,HHGC
2260,HHGCR
2261,HHGCU
2262,HHGCW
2263,HHR
2264,HIBB
2265,HIFS
2266,HIHO
2267,HIII
2268,HIIIU
2269,HIIIW
2270,HIMX
2271,HITI
2272,HIVE
2273,HLAH
2274,HLAHU
2275,HLAHW
2276,HLAL
2277,HLBZ
2278,HLBZW
2279,HLG
2280,HLIT
2281,HLMN
2282,HLMNW
2283,HLNE
2284,HLTH
2285,HLXA
2286,HMCO
2287,HMCOU
2288,HMCOW
2289,HMHC
2290,HMNF
2291,HMPT
2292,HMST
2293,HMTV
2294,HNDL
2295,HNNA
2296,HNNAZ
2297,HNRG
2298,HNST
2299,HOFT
2300,HOFV
2301,HOFVW
2302,HOLI
2303,HOLX
2304,HOMB
2305,HON
2306,HONE
2307,HOOD
2308,HOOK
2309,HOPE
2310,HOTH
2311,HOVNP
2312,HOWL
2313,HPK
2314,HPKEW
2315,HPLTU
2316,HQI
2317,HQY
2318,HRMY
2319,HROW
2320,HROWL
2321,HRTX
2322,HRZN
2323,HSAQ
2324,HSDT
2325,HSIC
2326,HSII
2327,HSKA
2328,HSON
2329,HST
2330,HSTM
2331,HSTO
2332,HTBI
2333,HTBK
2334,HTBX
2335,HTGM
2336,HTHT
2337,HTIA
2338,HTIBP
2339,HTLD
2340,HTLF
2341,HTLFP
2342,HTOO
2343,HTOOW
2344,HTZ
2345,HTZWW
2346,HUBG
2347,HUDI
2348,HUGE
2349,HUIZ
2350,HUMA
2351,HUMAW
2352,HURC
2353,HURN
2354,HUSN
2355,HUT
2356,HVBC
2357,HWBK
2358,HWC
2359,HWCPZ
2360,HWEL
2361,HWELU
2362,HWELW
2363,HWKN
2364,HX
2365,HYAC
2366,HYACU
2367,HYACW
2368,HYDR
2369,HYFM
2370,HYLS
2371,HYMC
2372,HYMCL
2373,HYMCW
2374,HYMCZ
2375,HYRE
2376,HYW
2377,HYXF
2378,HYZD
2379,HYZN
2380,HYZNW
2381,HZNP
2382,IAC
2383,IART
2384,IAS
2385,IBB
2386,IBBJ
2387,IBBQ
2388,IBCP
2389,IBET
2390,IBEX
2391,IBKR
2392,IBOC
2393,IBRX
2394,IBTA
2395,IBTB
2396,IBTD
2397,IBTE
2398,IBTF
2399,IBTG
2400,IBTH
2401,IBTI
2402,IBTJ
2403,IBTK
2404,IBTL
2405,IBTX
2406,ICAD
2407,ICBK
2408,ICCC
2409,ICCH
2410,ICCM
2411,ICFI
2412,ICHR
2413,ICLK
2414,ICLN
2415,ICLR
2416,ICMB
2417,ICPT
2418,ICUI
2419,ICVX
2420,IDBA
2421,IDCC
2422,IDEX
2423,IDLB
2424,IDN
2425,IDRA
2426,IDXX
2427,IDYA
2428,IEA
2429,IEAWW
2430,IEF
2431,IEI
2432,IEP
2433,IESC
2434,IEUS
2435,IFBD
2436,IFGL
2437,IFMK
2438,IFRX
2439,IFV
2440,IGAC
2441,IGACU
2442,IGACW
2443,IGF
2444,IGIB
2445,IGIC
2446,IGICW
2447,IGMS
2448,IGNY
2449,IGNYU
2450,IGNYW
2451,IGOV
2452,IGSB
2453,IHRT
2454,IHYF
2455,III
2456,IIII
2457,IIIIU
2458,IIIIW
2459,IIIV
2460,IIN
2461,IINN
2462,IINNW
2463,IIVI
2464,IIVIP
2465,IJT
2466,IKNA
2467,IKNX
2468,IKT
2469,ILMN
2470,ILPT
2471,IMAB
2472,IMAC
2473,IMACW
2474,IMAQ
2475,IMAQR
2476,IMAQU
2477,IMAQW
2478,IMBI
2479,IMBIL
2480,IMCC
2481,IMCR
2482,IMCV
2483,IMGN
2484,IMGO
2485,IMKTA
2486,IMMP
2487,IMMR
2488,IMNM
2489,IMOS
2490,IMPL
2491,IMRA
2492,IMRN
2493,IMRNW
2494,IMRX
2495,IMTE
2496,IMTX
2497,IMTXW
2498,IMUX
2499,IMV
2500,IMVT
2501,IMXI
2502,INAB
2503,INBK
2504,INBKZ
2505,INBX
2506,INCR
2507,INCY
2508,INDB
2509,INDI
2510,INDIW
2511,INDP
2512,INDT
2513,INDY
2514,INFI
2515,INFN
2516,INFR
2517,INGN
2518,INKA
2519,INKAU
2520,INKAW
2521,INKT
2522,INM
2523,INMB
2524,INMD
2525,INNV
2526,INO
2527,INOD
2528,INOV
2529,INPX
2530,INSE
2531,INSG
2532,INSM
2533,INTA
2534,INTC
2535,INTEU
2536,INTG
2537,INTU
2538,INTZ
2539,INVA
2540,INVE
2541,INVO
2542,INVZ
2543,INVZW
2544,INZY
2545,IOACU
2546,IOBT
2547,IONM
2548,IONS
2549,IOSP
2550,IOVA
2551,IPA
2552,IPAR
2553,IPAX
2554,IPAXU
2555,IPAXW
2556,IPDN
2557,IPGP
2558,IPHA
2559,IPKW
2560,IPLDP
2561,IPSC
2562,IPVI
2563,IPVIU
2564,IPVIW
2565,IPW
2566,IPWR
2567,IQ
2568,IQMDU
2569,IRBT
2570,IRCP
2571,IRDM
2572,IREN
2573,IRIX
2574,IRMD
2575,IROQ
2576,IRTC
2577,IRWD
2578,ISAA
2579,ISBC
2580,ISDX
2581,ISEE
2582,ISEM
2583,ISHG
2584,ISIG
2585,ISLE
2586,ISLEW
2587,ISO
2588,ISPC
2589,ISRG
2590,ISSC
2591,ISTB
2592,ISTR
2593,ISUN
2594,ITCI
2595,ITHX
2596,ITHXU
2597,ITHXW
2598,ITI
2599,ITIC
2600,ITMR
2601,ITOS
2602,ITQ
2603,ITQRU
2604,ITQRW
2605,ITRI
2606,ITRM
2607,ITRN
2608,IUS
2609,IUSB
2610,IUSG
2611,IUSS
2612,IUSV
2613,IVA
2614,IVAC
2615,IXAQU
2616,IXUS
2617,IZEA
2618,JACK
2619,JAGX
2620,JAKK
2621,JAMF
2622,JAN
2623,JANX
2624,JAQC
2625,JAQCU
2626,JAQCW
2627,JAZZ
2628,JBHT
2629,JBLU
2630,JBSS
2631,JCIC
2632,JCICU
2633,JCICW
2634,JCS
2635,JCTCF
2636,JD
2637,JFIN
2638,JFU
2639,JG
2640,JJSF
2641,JKHY
2642,JMACU
2643,JMPNZ
2644,JNCE
2645,JOAN
2646,JOBS
2647,JOET
2648,JOFF
2649,JOFFU
2650,JOFFW
2651,JOUT
2652,JRJC
2653,JRSH
2654,JRVR
2655,JSM
2656,JSMD
2657,JSML
2658,JSPR
2659,JSPRW
2660,JUGG
2661,JUGGU
2662,JUGGW
2663,JUPW
2664,JUPWW
2665,JVA
2666,JWEL
2667,JYAC
2668,JYNT
2669,JZXN
2670,KAII
2671,KAIIU
2672,KAIIW
2673,KAIR
2674,KAIRU
2675,KAIRW
2676,KALA
2677,KALU
2678,KALV
2679,KARO
2680,KAVL
2681,KBAL
2682,KBNT
2683,KBNTW
2684,KBWB
2685,KBWD
2686,KBWP
2687,KBWR
2688,KBWY
2689,KC
2690,KDNY
2691,KDP
2692,KE
2693,KEJI
2694,KELYA
2695,KELYB
2696,KEQU
2697,KERN
2698,KERNW
2699,KFFB
2700,KFRC
2701,KHC
2702,KIDS
2703,KIII
2704,KIIIU
2705,KIIIW
2706,KINS
2707,KINZ
2708,KINZU
2709,KINZW
2710,KIRK
2711,KLAC
2712,KLAQ
2713,KLAQU
2714,KLAQW
2715,KLDO
2716,KLIC
2717,KLTR
2718,KLXE
2719,KMDA
2720,KMPH
2721,KNBE
2722,KNDI
2723,KNSA
2724,KNSL
2725,KNTE
2726,KOD
2727,KOPN
2728,KOR
2729,KOSS
2730,KPLT
2731,KPLTW
2732,KPRX
2733,KPTI
2734,KRBP
2735,KRKR
2736,KRMA
2737,KRMD
2738,KRNL
2739,KRNLU
2740,KRNLW
2741,KRNT
2742,KRNY
2743,KRON
2744,KROP
2745,KROS
2746,KRT
2747,KRTX
2748,KRUS
2749,KRYS
2750,KSI
2751,KSICU
2752,KSICW
2753,KSPN
2754,KTCC
2755,KTOS
2756,KTRA
2757,KTTA
2758,KTTAW
2759,KURA
2760,KVHI
2761,KVSA
2762,KVSC
2763,KXIN
2764,KYMR
2765,KZIA
2766,KZR
2767,LAAA
2768,LAAAU
2769,LAAAW
2770,LABP
2771,LAKE
2772,LAMR
2773,LANC
2774,LAND
2775,LANDM
2776,LANDO
2777,LARK
2778,LASR
2779,LAUR
2780,LAWS
2781,LAZR
2782,LAZY
2783,LBAI
2784,LBC
2785,LBPH
2786,LBPS
2787,LBPSW
2788,LBRDA
2789,LBRDK
2790,LBRDP
2791,LBTYA
2792,LBTYB
2793,LBTYK
2794,LCA
2795,LCAA
2796,LCAAU
2797,LCAAW
2798,LCAHU
2799,LCAHW
2800,LCAP
2801,LCAPU
2802,LCAPW
2803,LCID
2804,LCNB
2805,LCUT
2806,LDEM
2807,LDHA
2808,LDHAU
2809,LDHAW
2810,LDSF
2811,LE
2812,LECO
2813,LEDS
2814,LEE
2815,LEGA
2816,LEGAU
2817,LEGAW
2818,LEGH
2819,LEGN
2820,LEGR
2821,LESL
2822,LEVL
2823,LEVLP
2824,LEXX
2825,LEXXW
2826,LFACU
2827,LFMD
2828,LFMDP
2829,LFST
2830,LFTR
2831,LFTRU
2832,LFTRW
2833,LFUS
2834,LFVN
2835,LGAC
2836,LGACU
2837,LGACW
2838,LGBT
2839,LGHL
2840,LGHLW
2841,LGIH
2842,LGND
2843,LGO
2844,LGSTU
2845,LGVCU
2846,LGVN
2847,LHAA
2848,LHCG
2849,LHDX
2850,LI
2851,LIAN
2852,LIBYU
2853,LIDR
2854,LIDRW
2855,LIFE
2856,LILA
2857,LILAK
2858,LILM
2859,LILMW
2860,LINC
2861,LIND
2862,LINK
2863,LIONU
2864,LIQT
2865,LITE
2866,LITT
2867,LITTU
2868,LITTW
2869,LIVE
2870,LIVN
2871,LIXT
2872,LIXTW
2873,LIZI
2874,LJAQ
2875,LJAQU
2876,LJAQW
2877,LJPC
2878,LKCO
2879,LKFN
2880,LKQ
2881,LLL
2882,LLNW
2883,LMACA
2884,LMACU
2885,LMACW
2886,LMAO
2887,LMAOU
2888,LMAOW
2889,LMAT
2890,LMB
2891,LMBS
2892,LMDX
2893,LMDXW
2894,LMFA
2895,LMNL
2896,LMNR
2897,LMPX
2898,LMRK
2899,LMRKN
2900,LMRKO
2901,LMRKP
2902,LMST
2903,LNDC
2904,LNSR
2905,LNT
2906,LNTH
2907,LOAN
2908,LOB
2909,LOCO
2910,LOGC
2911,LOGI
2912,LOOP
2913,LOPE
2914,LORL
2915,LOTZ
2916,LOTZW
2917,LOVE
2918,LPCN
2919,LPLA
2920,LPRO
2921,LPSN
2922,LPTH
2923,LPTX
2924,LQDA
2925,LQDT
2926,LRCX
2927,LRFC
2928,LRGE
2929,LRMR
2930,LSBK
2931,LSCC
2932,LSEA
2933,LSEAW
2934,LSTR
2935,LSXMA
2936,LSXMB
2937,LSXMK
2938,LTBR
2939,LTCH
2940,LTCHW
2941,LTRN
2942,LTRPA
2943,LTRPB
2944,LTRX
2945,LTRY
2946,LTRYW
2947,LUCD
2948,LULU
2949,LUMO
2950,LUNA
2951,LUNG
2952,LUXA
2953,LUXAU
2954,LUXAW
2955,LVACU
2956,LVHD
2957,LVLU
2958,LVO
2959,LVOX
2960,LVOXU
2961,LVOXW
2962,LVRA
2963,LVRAU
2964,LVRAW
2965,LVTX
2966,LWAY
2967,LWLG
2968,LX
2969,LXEH
2970,LXRX
2971,LYEL
2972,LYFT
2973,LYL
2974,LYLT
2975,LYRA
2976,LYTS
2977,LZ
2978,MACA
2979,MACAU
2980,MACAW
2981,MACK
2982,MACQ
2983,MACQU
2984,MACQW
2985,MACU
2986,MACUU
2987,MACUW
2988,MANH
2989,MANT
2990,MAPS
2991,MAPSW
2992,MAQC
2993,MAQCU
2994,MAQCW
2995,MAR
2996,MARA
2997,MARK
2998,MARPS
2999,MASI
3000,MASS
3001,MAT
3002,MATW
3003,MAXN
3004,MAYS
3005,MBB
3006,MBCN
3007,MBII
3008,MBIN
3009,MBINN
3010,MBINO
3011,MBINP
3012,MBIO
3013,MBNKP
3014,MBOT
3015,MBRX
3016,MBTC
3017,MBTCR
3018,MBTCU
3019,MBUU
3020,MBWM
3021,MCAAU
3022,MCAE
3023,MCAER
3024,MCAEU
3025,MCAF
3026,MCAFR
3027,MCAFU
3028,MCAGU
3029,MCBC
3030,MCBS
3031,MCEF
3032,MCFE
3033,MCFT
3034,MCHI
3035,MCHP
3036,MCHX
3037,MCMJ
3038,MCMJW
3039,MCRB
3040,MCRI
3041,MDB
3042,MDCP
3043,MDGL
3044,MDGS
3045,MDGSW
3046,MDIA
3047,MDIV
3048,MDJH
3049,MDLZ
3050,MDNA
3051,MDRR
3052,MDRRP
3053,MDRX
3054,MDVL
3055,MDWD
3056,MDWT
3057,MDXG
3058,MDXH
3059,ME
3060,MEAC
3061,MEACU
3062,MEACW
3063,MEDP
3064,MEDS
3065,MEIP
3066,MEKA
3067,MELI
3068,MEOA
3069,MEOAU
3070,MEOAW
3071,MEOH
3072,MERC
3073,MESA
3074,MESO
3075,METC
3076,METCL
3077,METX
3078,METXW
3079,MEUSW
3080,MF
3081,MFH
3082,MFIN
3083,MGEE
3084,MGI
3085,MGIC
3086,MGLN
3087,MGNI
3088,MGNX
3089,MGPI
3090,MGRC
3091,MGTA
3092,MGTX
3093,MGYR
3094,MHLD
3095,MICT
3096,MIDD
3097,MIGI
3098,MILE
3099,MILEW
3100,MILN
3101,MIME
3102,MIND
3103,MINDP
3104,MINM
3105,MIRM
3106,MIRO
3107,MIST
3108,MITA
3109,MITAU
3110,MITAW
3111,MITC
3112,MITK
3113,MITO
3114,MKD
3115,MKSI
3116,MKTW
3117,MKTWW
3118,MKTX
3119,MLAB
3120,MLAC
3121,MLACU
3122,MLACW
3123,MLAIU
3124,MLCO
3125,MLKN
3126,MLVF
3127,MMAT
3128,MMLP
3129,MMMB
3130,MMSI
3131,MMYT
3132,MNDO
3133,MNDT
3134,MNDY
3135,MNKD
3136,MNMD
3137,MNOV
3138,MNPR
3139,MNRO
3140,MNSB
3141,MNSBP
3142,MNST
3143,MNTK
3144,MNTS
3145,MNTSW
3146,MNTV
3147,MNTX
3148,MODV
3149,MOFG
3150,MOGO
3151,MOHO
3152,MOLN
3153,MOMO
3154,MON
3155,MONCU
3156,MONCW
3157,MOR
3158,MORF
3159,MORN
3160,MOSY
3161,MOTS
3162,MOVE
3163,MOXC
3164,MPAA
3165,MPAC
3166,MPACR
3167,MPACU
3168,MPACW
3169,MPB
3170,MPRAU
3171,MPWR
3172,MQ
3173,MRAI
3174,MRAM
3175,MRBK
3176,MRCC
3177,MRCY
3178,MREO
3179,MRIN
3180,MRKR
3181,MRLN
3182,MRM
3183,MRNA
3184,MRNS
3185,MRSN
3186,MRTN
3187,MRTX
3188,MRUS
3189,MRVI
3190,MRVL
3191,MSAC
3192,MSACW
3193,MSBI
3194,MSDA
3195,MSDAU
3196,MSDAW
3197,MSEX
3198,MSFT
3199,MSGM
3200,MSTR
3201,MSVB
3202,MTAC
3203,MTACU
3204,MTACW
3205,MTBC
3206,MTBCP
3207,MTC
3208,MTCH
3209,MTCR
3210,MTEM
3211,MTEX
3212,MTLS
3213,MTP
3214,MTRX
3215,MTRYU
3216,MTSI
3217,MTTR
3218,MTTRW
3219,MU
3220,MUDS
3221,MUDSU
3222,MUDSW
3223,MULN
3224,MVBF
3225,MVIS
3226,MVST
3227,MVSTW
3228,MXCT
3229,MYFW
3230,MYGN
3231,MYMD
3232,MYNA
3233,MYNZ
3234,MYPS
3235,MYPSW
3236,MYRG
3237,MYSZ
3238,NAAC
3239,NAACU
3240,NAACW
3241,NAII
3242,NAKD
3243,NAOV
3244,NARI
3245,NATH
3246,NATI
3247,NATR
3248,NAUT
3249,NAVI
3250,NBEV
3251,NBIX
3252,NBN
3253,NBRV
3254,NBSE
3255,NBST
3256,NBSTU
3257,NBSTW
3258,NBTB
3259,NBTX
3260,NCACU
3261,NCBS
3262,NCMI
3263,NCNA
3264,NCNO
3265,NCSM
3266,NCTY
3267,NDAC
3268,NDACU
3269,NDACW
3270,NDAQ
3271,NDLS
3272,NDRA
3273,NDRAW
3274,NDSN
3275,NECB
3276,NEGG
3277,NEO
3278,NEOG
3279,NEON
3280,NEPH
3281,NEPT
3282,NERV
3283,NESR
3284,NESRW
3285,NEWT
3286,NEWTL
3287,NEWTZ
3288,NEXI
3289,NEXT
3290,NFBK
3291,NFE
3292,NFLX
3293,NFTY
3294,NGCA
3295,NGCAU
3296,NGCAW
3297,NGM
3298,NGMS
3299,NH
3300,NHICU
3301,NHTC
3302,NICE
3303,NICK
3304,NISN
3305,NIU
3306,NKLA
3307,NKSH
3308,NKTR
3309,NKTX
3310,NLIT
3311,NLITU
3312,NLITW
3313,NLOK
3314,NLSP
3315,NLSPW
3316,NLTX
3317,NMFC
3318,NMIH
3319,NMMC
3320,NMMCU
3321,NMMCW
3322,NMRD
3323,NMRK
3324,NMTC
3325,NMTR
3326,NN
3327,NNAVW
3328,NNBR
3329,NNDM
3330,NNOX
3331,NOAC
3332,NOACU
3333,NOACW
3334,NODK
3335,NOTV
3336,NOVN
3337,NOVT
3338,NOVV
3339,NOVVR
3340,NOVVU
3341,NOVVW
3342,NPABU
3343,NPCE
3344,NRAC
3345,NRACU
3346,NRACW
3347,NRBO
3348,NRC
3349,NRDS
3350,NRIM
3351,NRIX
3352,NRXP
3353,NRXPW
3354,NSEC
3355,NSIT
3356,NSPR
3357,NSPRZ
3358,NSSC
3359,NSTG
3360,NSYS
3361,NTAP
3362,NTCT
3363,NTES
3364,NTGR
3365,NTIC
3366,NTLA
3367,NTNX
3368,NTRA
3369,NTRB
3370,NTRBW
3371,NTRS
3372,NTRSO
3373,NTUS
3374,NTWK
3375,NUAN
3376,NURO
3377,NUVA
3378,NUVL
3379,NUWE
3380,NUZE
3381,NVAX
3382,NVCN
3383,NVCR
3384,NVDA
3385,NVEC
3386,NVEE
3387,NVEI
3388,NVFY
3389,NVIV
3390,NVMI
3391,NVNO
3392,NVNOW
3393,NVOS
3394,NVSA
3395,NVSAU
3396,NVSAW
3397,NVTS
3398,NVTSW
3399,NVVE
3400,NVVEW
3401,NWBI
3402,NWE
3403,NWFL
3404,NWL
3405,NWLI
3406,NWPX
3407,NWS
3408,NWSA
3409,NXGN
3410,NXPI
3411,NXST
3412,NXTC
3413,NXTD
3414,NXTG
3415,NXTP
3416,NYMT
3417,NYMTL
3418,NYMTM
3419,NYMTN
3420,NYMTP
3421,NYMX
3422,NYXH
3423,OAS
3424,OB
3425,OBAS
3426,OBCI
3427,OBLG
3428,OBNK
3429,OBSV
3430,OBT
3431,OCAX
3432,OCAXU
3433,OCAXW
3434,OCC
3435,OCCI
3436,OCCIO
3437,OCCIP
3438,OCDX
3439,OCFC
3440,OCFCP
3441,OCG
3442,OCGN
3443,OCSL
3444,OCUL
3445,OCUP
3446,OCX
3447,ODFL
3448,ODP
3449,ODT
3450,OEG
3451,OEPW
3452,OEPWU
3453,OEPWW
3454,OESX
3455,OFED
3456,OFIX
3457,OFLX
3458,OFS
3459,OFSSH
3460,OFSSI
3461,OGI
3462,OHAAU
3463,OHPA
3464,OHPAU
3465,OHPAW
3466,OIIM
3467,OKTA
3468,OLB
3469,OLED
3470,OLITU
3471,OLK
3472,OLLI
3473,OLMA
3474,OLPX
3475,OM
3476,OMAB
3477,OMCL
3478,OMEG
3479,OMER
3480,OMEX
3481,OMGA
3482,OMIC
3483,OMP
3484,OMQS
3485,ON
3486,ONB
3487,ONCR
3488,ONCS
3489,ONCT
3490,ONCY
3491,ONDS
3492,ONEM
3493,ONEQ
3494,ONEW
3495,ONTX
3496,ONVO
3497,ONYXU
3498,OPBK
3499,OPCH
3500,OPEN
3501,OPGN
3502,OPHC
3503,OPI
3504,OPINL
3505,OPK
3506,OPNT
3507,OPOF
3508,OPRA
3509,OPRT
3510,OPRX
3511,OPT
3512,OPTN
3513,ORGN
3514,ORGNW
3515,ORGO
3516,ORGS
3517,ORIA
3518,ORIAU
3519,ORIAW
3520,ORIC
3521,ORLY
3522,ORMP
3523,ORPH
3524,ORRF
3525,ORTX
3526,OSAT
3527,OSATW
3528,OSBC
3529,OSIS
3530,OSMT
3531,OSPN
3532,OSS
3533,OSTK
3534,OSTR
3535,OSTRU
3536,OSTRW
3537,OSUR
3538,OSW
3539,OTEC
3540,OTECU
3541,OTECW
3542,OTEX
3543,OTIC
3544,OTLK
3545,OTLKW
3546,OTLY
3547,OTMO
3548,OTMOW
3549,OTRA
3550,OTRAU
3551,OTRAW
3552,OTRK
3553,OTRKP
3554,OTTR
3555,OVBC
3556,OVID
3557,OVLY
3558,OXAC
3559,OXACU
3560,OXACW
3561,OXBR
3562,OXBRW
3563,OXLC
3564,OXLCL
3565,OXLCM
3566,OXLCO
3567,OXLCP
3568,OXSQ
3569,OXSQG
3570,OXSQL
3571,OXSQZ
3572,OXUS
3573,OXUSU
3574,OXUSW
3575,OYST
3576,OZK
3577,OZKAP
3578,OZON
3579,PAA
3580,PAAS
3581,PACB
3582,PACW
3583,PACX
3584,PACXU
3585,PACXW
3586,PAE
3587,PAEWW
3588,PAFO
3589,PAFOR
3590,PAFOU
3591,PAGP
3592,PAHC
3593,PAIC
3594,PAICU
3595,PAICW
3596,PALI
3597,PALT
3598,PANA
3599,PANL
3600,PANW
3601,PAQC
3602,PAQCU
3603,PAQCW
3604,PASG
3605,PATI
3606,PATK
3607,PAVM
3608,PAVMW
3609,PAVMZ
3610,PAX
3611,PAYA
3612,PAYO
3613,PAYOW
3614,PAYS
3615,PAYX
3616,PBAXU
3617,PBBK
3618,PBCT
3619,PBCTP
3620,PBFS
3621,PBHC
3622,PBIP
3623,PBLA
3624,PBPB
3625,PBTS
3626,PBYI
3627,PCAR
3628,PCB
3629,PCCTU
3630,PCH
3631,PCOM
3632,PCRX
3633,PCSA
3634,PCSB
3635,PCT
3636,PCTI
3637,PCTTU
3638,PCTTW
3639,PCTY
3640,PCVX
3641,PCXCU
3642,PCYG
3643,PCYO
3644,PDBC
3645,PDCE
3646,PDCO
3647,PDD
3648,PDEV
3649,PDEX
3650,PDFS
3651,PDLB
3652,PDP
3653,PDSB
3654,PEBK
3655,PEBO
3656,PECO
3657,PEGA
3658,PEGRU
3659,PENN
3660,PEP
3661,PEPLU
3662,PERI
3663,PESI
3664,PETQ
3665,PETS
3666,PETV
3667,PETVW
3668,PETZ
3669,PEY
3670,PEZ
3671,PFBC
3672,PFC
3673,PFDR
3674,PFDRU
3675,PFDRW
3676,PFF
3677,PFG
3678,PFHD
3679,PFI
3680,PFIE
3681,PFIN
3682,PFIS
3683,PFLT
3684,PFM
3685,PFMT
3686,PFSW
3687,PFTA
3688,PFTAU
3689,PFTAW
3690,PFX
3691,PFXNL
3692,PFXNZ
3693,PGC
3694,PGEN
3695,PGJ
3696,PGNY
3697,PGRW
3698,PGRWU
3699,PGRWW
3700,PHAR
3701,PHAS
3702,PHAT
3703,PHCF
3704,PHIC
3705,PHICU
3706,PHICW
3707,PHIO
3708,PHIOW
3709,PHO
3710,PHUN
3711,PHUNW
3712,PHVS
3713,PI
3714,PID
3715,PIE
3716,PIK
3717,PINC
3718,PIO
3719,PIRS
3720,PIXY
3721,PIZ
3722,PKBK
3723,PKOH
3724,PKW
3725,PLAB
3726,PLAY
3727,PLBC
3728,PLBY
3729,PLCE
3730,PLIN
3731,PLL
3732,PLMI
3733,PLMIU
3734,PLMIW
3735,PLMR
3736,PLPC
3737,PLRX
3738,PLSE
3739,PLTK
3740,PLUG
3741,PLUS
3742,PLW
3743,PLXP
3744,PLXS
3745,PLYA
3746,PMCB
3747,PMD
3748,PME
3749,PMGM
3750,PMGMU
3751,PMGMW
3752,PMTS
3753,PMVP
3754,PNBK
3755,PNFP
3756,PNFPP
3757,PNNT
3758,PNQI
3759,PNRG
3760,PNT
3761,PNTG
3762,POAI
3763,PODD
3764,POLA
3765,PONO
3766,PONOU
3767,PONOW
3768,POOL
3769,POSH
3770,POTX
3771,POW
3772,POWI
3773,POWL
3774,POWRU
3775,POWRW
3776,POWW
3777,POWWP
3778,PPBI
3779,PPBT
3780,PPC
3781,PPD
3782,PPGH
3783,PPGHU
3784,PPGHW
3785,PPH
3786,PPHP
3787,PPHPR
3788,PPHPU
3789,PPHPW
3790,PPIH
3791,PPSI
3792,PPTA
3793,PRAA
3794,PRAX
3795,PRCH
3796,PRCT
3797,PRDO
3798,PRFT
3799,PRFX
3800,PRFZ
3801,PRGS
3802,PRIM
3803,PRLD
3804,PRN
3805,PROC
3806,PROCW
3807,PROF
3808,PROG
3809,PROV
3810,PRPH
3811,PRPL
3812,PRPO
3813,PRQR
3814,PRSR
3815,PRSRU
3816,PRSRW
3817,PRTA
3818,PRTC
3819,PRTG
3820,PRTH
3821,PRTK
3822,PRTS
3823,PRVA
3824,PRVB
3825,PSAG
3826,PSAGU
3827,PSAGW
3828,PSC
3829,PSCC
3830,PSCD
3831,PSCE
3832,PSCF
3833,PSCH
3834,PSCI
3835,PSCM
3836,PSCT
3837,PSCU
3838,PSEC
3839,PSET
3840,PSHG
3841,PSL
3842,PSMT
3843,PSNL
3844,PSTI
3845,PSTV
3846,PSTX
3847,PT
3848,PTC
3849,PTCT
3850,PTE
3851,PTEN
3852,PTF
3853,PTGX
3854,PTH
3855,PTIC
3856,PTICU
3857,PTICW
3858,PTIX
3859,PTIXW
3860,PTLO
3861,PTMN
3862,PTNR
3863,PTOC
3864,PTOCU
3865,PTOCW
3866,PTON
3867,PTPI
3868,PTRA
3869,PTRS
3870,PTSI
3871,PTVE
3872,PUBM
3873,PUCK
3874,PUCKU
3875,PUCKW
3876,PUI
3877,PULM
3878,PUYI
3879,PVBC
3880,PWFL
3881,PWOD
3882,PWP
3883,PWPPW
3884,PXI
3885,PXLW
3886,PXS
3887,PXSAP
3888,PXSAW
3889,PY
3890,PYCR
3891,PYPD
3892,PYPL
3893,PYR
3894,PYXS
3895,PYZ
3896,PZZA
3897,QABA
3898,QAT
3899,QCLN
3900,QCLR
3901,QCOM
3902,QCRH
3903,QDEL
3904,QFIN
3905,QH
3906,QIPT
3907,QIWI
3908,QK
3909,QLGN
3910,QLI
3911,QLYS
3912,QMCO
3913,QNRX
3914,QNST
3915,QQC
3916,QQD
3917,QQEW
3918,QQJG
3919,QQMG
3920,QQQ
3921,QQQA
3922,QQQJ
3923,QQQM
3924,QQQN
3925,QQQX
3926,QQXT
3927,QRHC
3928,QRMI
3929,QRTEA
3930,QRTEB
3931,QRTEP
3932,QRVO
3933,QSI
3934,QSIAW
3935,QTEC
3936,QTNT
3937,QTR
3938,QTRX
3939,QTT
3940,QUBT
3941,QUIK
3942,QUMU
3943,QURE
3944,QYLD
3945,QYLG
3946,RACB
3947,RADA
3948,RADI
3949,RAIL
3950,RAIN
3951,RAM
3952,RAMMU
3953,RAMMW
3954,RAND
3955,RANI
3956,RAPT
3957,RARE
3958,RAVE
3959,RAVN
3960,RAYS
3961,RBB
3962,RBBN
3963,RBCAA
3964,RBCN
3965,RBKB
3966,RBNC
3967,RCAT
3968,RCEL
3969,RCHG
3970,RCHGU
3971,RCHGW
3972,RCII
3973,RCKT
3974,RCKY
3975,RCLF
3976,RCLFU
3977,RCLFW
3978,RCM
3979,RCMT
3980,RCON
3981,RCRT
3982,RCRTW
3983,RDBX
3984,RDBXW
3985,RDCM
3986,RDFN
3987,RDHL
3988,RDI
3989,RDIB
3990,RDNT
3991,RDUS
3992,RDVT
3993,RDVY
3994,RDWR
3995,REAL
3996,REAX
3997,REDU
3998,REE
3999,REEAW
4000,REED
4001,REFR
4002,REG
4003,REGI
4004,REGN
4005,REIT
4006,REKR
4007,RELI
4008,RELIW
4009,RELL
4010,RELY
4011,RENT
4012,REPH
4013,REPL
4014,RESN
4015,RETA
4016,RETO
4017,REVE
4018,REVEU
4019,REVEW
4020,REVH
4021,REVHU
4022,REVHW
4023,REYN
4024,RFDI
4025,RFEM
4026,RFEU
4027,RFIL
4028,RGC
4029,RGCO
4030,RGEN
4031,RGF
4032,RGLD
4033,RGLS
4034,RGNX
4035,RGP
4036,RIBT
4037,RICK
4038,RICO
4039,RICOU
4040,RICOW
4041,RIDE
4042,RIGL
4043,RILY
4044,RILYK
4045,RILYL
4046,RILYM
4047,RILYN
4048,RILYO
4049,RILYP
4050,RILYT
4051,RILYZ
4052,RING
4053,RIOT
4054,RIVE
4055,RIVN
4056,RKDA
4057,RKLB
4058,RKLBW
4059,RLAY
4060,RLMD
4061,RLYB
4062,RMBI
4063,RMBL
4064,RMBS
4065,RMCF
4066,RMGC
4067,RMGCU
4068,RMGCW
4069,RMNI
4070,RMR
4071,RMTI
4072,RNA
4073,RNAZ
4074,RNDB
4075,RNDM
4076,RNDV
4077,RNEM
4078,RNERU
4079,RNLC
4080,RNLX
4081,RNMC
4082,RNRG
4083,RNSC
4084,RNST
4085,RNW
4086,RNWK
4087,RNWWW
4088,RNXT
4089,ROAD
4090,ROBT
4091,ROCC
4092,ROCG
4093,ROCGU
4094,ROCGW
4095,ROCK
4096,ROCR
4097,ROCRU
4098,ROCRW
4099,ROIC
4100,ROIV
4101,ROIVW
4102,ROKU
4103,ROLL
4104,ROLLP
4105,ROOT
4106,ROSEU
4107,ROST
4108,ROVR
4109,ROVRW
4110,RPAY
4111,RPD
4112,RPHM
4113,RPID
4114,RPRX
4115,RPTX
4116,RRBI
4117,RRGB
4118,RRR
4119,RSLS
4120,RSSS
4121,RSVR
4122,RSVRW
4123,RTH
4124,RTLR
4125,RUBY
4126,RUN
4127,RUSHA
4128,RUSHB
4129,RUTH
4130,RVAC
4131,RVACU
4132,RVACW
4133,RVMD
4134,RVNC
4135,RVPH
4136,RVPHW
4137,RVSB
4138,RWAY
4139,RWLK
4140,RXDX
4141,RXRA
4142,RXRAU
4143,RXRAW
4144,RXRX
4145,RXST
4146,RXT
4147,RYAAY
4148,RYTM
4149,RZLT
4150,SABR
4151,SABRP
4152,SABS
4153,SABSW
4154,SAFM
4155,SAFT
4156,SAGE
4157,SAIA
4158,SAL
4159,SALM
4160,SAMAU
4161,SAMG
4162,SANA
4163,SANB
4164,SANBU
4165,SANBW
4166,SANM
4167,SANW
4168,SARK
4169,SASR
4170,SATS
4171,SAVA
4172,SBAC
4173,SBCF
4174,SBEA
4175,SBEAU
4176,SBEAW
4177,SBET
4178,SBFG
4179,SBGI
4180,SBLK
4181,SBNY
4182,SBNYP
4183,SBRA
4184,SBSI
4185,SBT
4186,SBTX
4187,SBUX
4188,SCAQ
4189,SCAQU
4190,SCAQW
4191,SCHL
4192,SCHN
4193,SCKT
4194,SCLE
4195,SCLEU
4196,SCLEW
4197,SCMAU
4198,SCOA
4199,SCOAU
4200,SCOAW
4201,SCOB
4202,SCOBU
4203,SCOBW
4204,SCOR
4205,SCPH
4206,SCPL
4207,SCPS
4208,SCSC
4209,SCVL
4210,SCWX
4211,SCYX
4212,SCZ
4213,SDAC
4214,SDACU
4215,SDACW
4216,SDC
4217,SDG
4218,SDGR
4219,SDH
4220,SDIG
4221,SDVY
4222,SEAC
4223,SEAT
4224,SEATW
4225,SECO
4226,SEDG
4227,SEED
4228,SEEL
4229,SEER
4230,SEIC
4231,SELB
4232,SELF
4233,SENEA
4234,SENEB
4235,SERA
4236,SESN
4237,SEV
4238,SEVN
4239,SFBC
4240,SFET
4241,SFIX
4242,SFM
4243,SFNC
4244,SFST
4245,SFT
4246,SGA
4247,SGBX
4248,SGC
4249,SGEN
4250,SGH
4251,SGHT
4252,SGIIU
4253,SGLB
4254,SGLBW
4255,SGMA
4256,SGML
4257,SGMO
4258,SGMS
4259,SGRP
4260,SGRY
4261,SGTX
4262,SHAC
4263,SHACU
4264,SHACW
4265,SHBI
4266,SHC
4267,SHCAU
4268,SHCR
4269,SHCRW
4270,SHEN
4271,SHIP
4272,SHIPW
4273,SHIPZ
4274,SHLS
4275,SHOO
4276,SHQA
4277,SHQAU
4278,SHQAW
4279,SHV
4280,SHY
4281,SHYF
4282,SIBN
4283,SIEB
4284,SIEN
4285,SIER
4286,SIERU
4287,SIERW
4288,SIFY
4289,SIGA
4290,SIGI
4291,SIGIP
4292,SILC
4293,SILK
4294,SIMO
4295,SINO
4296,SINT
4297,SIOX
4298,SIRI
4299,SISI
4300,SITM
4301,SIVB
4302,SIVBP
4303,SJ
4304,SKIN
4305,SKOR
4306,SKYA
4307,SKYAU
4308,SKYAW
4309,SKYT
4310,SKYU
4311,SKYW
4312,SKYY
4313,SLAB
4314,SLAM
4315,SLAMU
4316,SLAMW
4317,SLCR
4318,SLCRU
4319,SLCRW
4320,SLDB
4321,SLGC
4322,SLGCW
4323,SLGG
4324,SLGL
4325,SLGN
4326,SLHG
4327,SLM
4328,SLMBP
4329,SLN
4330,SLNG
4331,SLNH
4332,SLNHP
4333,SLNO
4334,SLP
4335,SLQD
4336,SLRC
4337,SLRX
4338,SLS
4339,SLVO
4340,SLVR
4341,SLVRU
4342,SLVRW
4343,SMAP
4344,SMAPU
4345,SMAPW
4346,SMBC
4347,SMBK
4348,SMCI
4349,SMCP
4350,SMED
4351,SMFR
4352,SMFRW
4353,SMH
4354,SMID
4355,SMIH
4356,SMIHU
4357,SMIHW
4358,SMIT
4359,SMLR
4360,SMMF
4361,SMMT
4362,SMPL
4363,SMSI
4364,SMTC
4365,SMTI
4366,SNAX
4367,SNAXW
4368,SNBR
4369,SNCE
4370,SNCR
4371,SNCRL
4372,SNCY
4373,SND
4374,SNDL
4375,SNDX
4376,SNES
4377,SNEX
4378,SNFCA
4379,SNGX
4380,SNGXW
4381,SNLN
4382,SNOA
4383,SNPO
4384,SNPS
4385,SNPX
4386,SNRH
4387,SNRHU
4388,SNRHW
4389,SNSE
4390,SNSR
4391,SNT
4392,SNTG
4393,SNUG
4394,SNY
4395,SOCL
4396,SOFI
4397,SOFIW
4398,SOHO
4399,SOHOB
4400,SOHON
4401,SOHOO
4402,SOHU
4403,SOLO
4404,SOLOW
4405,SOLY
4406,SONM
4407,SONN
4408,SONO
4409,SOPA
4410,SOPH
4411,SOTK
4412,SOVO
4413,SOXQ
4414,SOXX
4415,SP
4416,SPBC
4417,SPC
4418,SPCB
4419,SPFI
4420,SPI
4421,SPK
4422,SPKAR
4423,SPKAU
4424,SPKB
4425,SPKBU
4426,SPKBW
4427,SPLK
4428,SPNE
4429,SPNS
4430,SPOK
4431,SPPI
4432,SPQQ
4433,SPRB
4434,SPRO
4435,SPRX
4436,SPSC
4437,SPT
4438,SPTK
4439,SPTKU
4440,SPTKW
4441,SPTN
4442,SPWH
4443,SPWR
4444,SQFT
4445,SQFTP
4446,SQL
4447,SQLLW
4448,SQLV
4449,SQQQ
4450,SRAD
4451,SRAX
4452,SRCE
4453,SRCL
4454,SRDX
4455,SRET
4456,SREV
4457,SRGA
4458,SRNE
4459,SRPT
4460,SRRA
4461,SRRK
4462,SRSA
4463,SRSAU
4464,SRSAW
4465,SRTS
4466,SRZN
4467,SRZNW
4468,SSAA
4469,SSAAU
4470,SSAAW
4471,SSB
4472,SSBI
4473,SSBK
4474,SSKN
4475,SSNC
4476,SSNT
4477,SSP
4478,SSRM
4479,SSSS
4480,SSTI
4481,SSYS
4482,STAA
4483,STAB
4484,STAF
4485,STBA
4486,STCN
4487,STEP
4488,STER
4489,STFC
4490,STGW
4491,STIM
4492,STKL
4493,STKS
4494,STLD
4495,STNE
4496,STOK
4497,STRA
4498,STRC
4499,STRCW
4500,STRL
4501,STRM
4502,STRN
4503,STRNW
4504,STRO
4505,STRR
4506,STRRP
4507,STRS
4508,STRT
4509,STSA
4510,STTK
4511,STX
4512,STXB
4513,SUMO
4514,SUMR
4515,SUNS
4516,SUNW
4517,SUPN
4518,SURF
4519,SURG
4520,SURGW
4521,SUSB
4522,SUSC
4523,SUSL
4524,SV
4525,SVA
4526,SVC
4527,SVFA
4528,SVFAU
4529,SVFAW
4530,SVFB
4531,SVFC
4532,SVFD
4533,SVNAU
4534,SVOK
4535,SVOKU
4536,SVOKW
4537,SVRA
4538,SVSVU
4539,SVSVW
4540,SVVC
4541,SWAG
4542,SWAGU
4543,SWAGW
4544,SWAV
4545,SWBI
4546,SWET
4547,SWETU
4548,SWETW
4549,SWIM
4550,SWIR
4551,SWKH
4552,SWKS
4553,SWSS
4554,SWSSU
4555,SWSSW
4556,SWTX
4557,SXTC
4558,SY
4559,SYBT
4560,SYBX
4561,SYNA
4562,SYNH
4563,SYNL
4564,SYPR
4565,SYRS
4566,SYTA
4567,SYTAW
4568,SZZLU
4569,TA
4570,TACO
4571,TACT
4572,TAIT
4573,TALK
4574,TALKW
4575,TALS
4576,TANH
4577,TANNI
4578,TANNL
4579,TANNZ
4580,TAOP
4581,TARA
4582,TARS
4583,TASK
4584,TAST
4585,TATT
4586,TAYD
4587,TBBK
4588,TBCP
4589,TBCPU
4590,TBCPW
4591,TBK
4592,TBKCP
4593,TBLA
4594,TBLAW
4595,TBLD
4596,TBLT
4597,TBLTW
4598,TBNK
4599,TBPH
4600,TBSA
4601,TBSAU
4602,TBSAW
4603,TC
4604,TCAC
4605,TCACU
4606,TCACW
4607,TCBC
4608,TCBI
4609,TCBIO
4610,TCBK
4611,TCBS
4612,TCBX
4613,TCDA
4614,TCFC
4615,TCMD
4616,TCOM
4617,TCON
4618,TCPC
4619,TCRR
4620,TCRX
4621,TCVA
4622,TCX
4623,TDIV
4624,TDUP
4625,TEAM
4626,TECH
4627,TECTP
4628,TEDU
4629,TEKK
4630,TEKKU
4631,TEKKW
4632,TELA
4633,TENB
4634,TENX
4635,TER
4636,TERN
4637,TESS
4638,TETC
4639,TETCU
4640,TETCW
4641,TFFP
4642,TFSL
4643,TGA
4644,TGLS
4645,TGTX
4646,TGVCU
4647,TH
4648,THACU
4649,THCA
4650,THCAU
4651,THCAW
4652,THCP
4653,THCPU
4654,THCPW
4655,THFF
4656,THMA
4657,THMAU
4658,THMAW
4659,THMO
4660,THRM
4661,THRN
4662,THRX
4663,THRY
4664,THTX
4665,THWWW
4666,TIG
4667,TIGO
4668,TIGR
4669,TIL
4670,TILE
4671,TIOA
4672,TIOAU
4673,TIOAW
4674,TIPT
4675,TIRX
4676,TITN
4677,TIVC
4678,TKNO
4679,TLIS
4680,TLMD
4681,TLMDW
4682,TLRY
4683,TLS
4684,TLSA
4685,TLT
4686,TMC
4687,TMCI
4688,TMCWW
4689,TMDI
4690,TMDX
4691,TMKR
4692,TMKRU
4693,TMKRW
4694,TMPM
4695,TMPMU
4696,TMPMW
4697,TMUS
4698,TNDM
4699,TNGX
4700,TNXP
4701,TNYA
4702,TOACU
4703,TOI
4704,TOIIW
4705,TOMZ
4706,TOPS
4707,TOUR
4708,TOWN
4709,TPBA
4710,TPBAU
4711,TPBAW
4712,TPIC
4713,TPST
4714,TPTX
4715,TQQQ
4716,TRDA
4717,TREE
4718,TRHC
4719,TRIB
4720,TRIN
4721,TRIP
4722,TRIT
4723,TRITW
4724,TRKA
4725,TRKAW
4726,TRMB
4727,TRMD
4728,TRMK
4729,TRMR
4730,TRNS
4731,TRON
4732,TRONU
4733,TRONW
4734,TROO
4735,TROW
4736,TRS
4737,TRST
4738,TRUE
4739,TRUP
4740,TRVG
4741,TRVI
4742,TRVN
4743,TSBK
4744,TSC
4745,TSCAP
4746,TSCBP
4747,TSCO
4748,TSEM
4749,TSHA
4750,TSIB
4751,TSIBU
4752,TSIBW
4753,TSLA
4754,TSP
4755,TSRI
4756,TSVT
4757,TTCF
4758,TTD
4759,TTEC
4760,TTEK
4761,TTGT
4762,TTMI
4763,TTNP
4764,TTOO
4765,TTSH
4766,TTWO
4767,TUEM
4768,TUGC
4769,TUGCU
4770,TUGCW
4771,TUR
4772,TURN
4773,TUSA
4774,TUSK
4775,TVAC
4776,TVACU
4777,TVACW
4778,TVTX
4779,TVTY
4780,TW
4781,TWCB
4782,TWCBU
4783,TWCBW
4784,TWIN
4785,TWKS
4786,TWLV
4787,TWLVU
4788,TWLVW
4789,TWNK
4790,TWOU
4791,TWST
4792,TXG
4793,TXMD
4794,TXN
4795,TXRH
4796,TYME
4797,TYRA
4798,TZOO
4799,TZPS
4800,TZPSU
4801,TZPSW
4802,UAE
4803,UAL
4804,UBCP
4805,UBFO
4806,UBND
4807,UBOH
4808,UBSI
4809,UBX
4810,UCBI
4811,UCBIO
4812,UCL
4813,UCRD
4814,UCTT
4815,UCYB
4816,UDMY
4817,UEIC
4818,UEPS
4819,UFCS
4820,UFO
4821,UFPI
4822,UFPT
4823,UG
4824,UGRO
4825,UHAL
4826,UIHC
4827,UK
4828,UKOMW
4829,ULBI
4830,ULCC
4831,ULH
4832,ULTA
4833,UMBF
4834,UMPQ
4835,UNAM
4836,UNB
4837,UNCY
4838,UNIT
4839,UNTY
4840,UONE
4841,UONEK
4842,UPC
4843,UPLD
4844,UPST
4845,UPTD
4846,UPTDU
4847,UPTDW
4848,UPWK
4849,URBN
4850,URGN
4851,UROY
4852,USAK
4853,USAP
4854,USAU
4855,USBF
4856,USCB
4857,USCTU
4858,USEG
4859,USIG
4860,USIO
4861,USLB
4862,USLM
4863,USMC
4864,USOI
4865,USWS
4866,USWSW
4867,USXF
4868,UTHR
4869,UTMD
4870,UTME
4871,UTRS
4872,UTSI
4873,UVSP
4874,UXIN
4875,VABK
4876,VACC
4877,VALN
4878,VALU
4879,VAQC
4880,VAXX
4881,VBFC
4882,VBIV
4883,VBLT
4884,VBNK
4885,VBTX
4886,VC
4887,VCEL
4888,VCIT
4889,VCKA
4890,VCKAU
4891,VCKAW
4892,VCLT
4893,VCNX
4894,VCSH
4895,VCTR
4896,VCXA
4897,VCXAU
4898,VCXAW
4899,VCYT
4900,VECO
4901,VECT
4902,VEEE
4903,VELO
4904,VELOU
4905,VELOW
4906,VENA
4907,VENAR
4908,VENAU
4909,VENAW
4910,VEON
4911,VERA
4912,VERB
4913,VERBW
4914,VERI
4915,VERO
4916,VERU
4917,VERV
4918,VERX
4919,VERY
4920,VEV
4921,VFF
4922,VG
4923,VGFC
4924,VGIT
4925,VGLT
4926,VGSH
4927,VIA
4928,VIAC
4929,VIACA
4930,VIACP
4931,VIASP
4932,VIAV
4933,VICR
4934,VIEW
4935,VIEWW
4936,VIGI
4937,VII
4938,VIIAU
4939,VIIAW
4940,VINC
4941,VINO
4942,VINP
4943,VIOT
4944,VIR
4945,VIRC
4946,VIRI
4947,VIRT
4948,VIRX
4949,VISL
4950,VITL
4951,VIVE
4952,VIVO
4953,VJET
4954,VKTX
4955,VLAT
4956,VLATU
4957,VLATW
4958,VLCN
4959,VLDR
4960,VLDRW
4961,VLGEA
4962,VLON
4963,VLY
4964,VLYPO
4965,VLYPP
4966,VMAC
4967,VMACU
4968,VMACW
4969,VMAR
4970,VMBS
4971,VMD
4972,VMEO
4973,VMGAU
4974,VNDA
4975,VNET
4976,VNOM
4977,VNQI
4978,VOD
4979,VONE
4980,VONG
4981,VONV
4982,VOR
4983,VOSO
4984,VOSOU
4985,VOSOW
4986,VOXX
4987,VPCB
4988,VPCBU
4989,VPCBW
4990,VPN
4991,VQS
4992,VRA
4993,VRAR
4994,VRAY
4995,VRCA
4996,VRDN
4997,VREX
4998,VRIG
4999,VRM
5000,VRME
5001,VRMEW
5002,VRNA
5003,VRNS
5004,VRNT
5005,VRPX
5006,VRRM
5007,VRSK
5008,VRSN
5009,VRTS
5010,VRTX
5011,VS
5012,VSACU
5013,VSAT
5014,VSDA
5015,VSEC
5016,VSMV
5017,VSSYW
5018,VSTA
5019,VSTM
5020,VTAQ
5021,VTAQR
5022,VTAQU
5023,VTAQW
5024,VTC
5025,VTGN
5026,VTHR
5027,VTIP
5028,VTIQ
5029,VTIQU
5030,VTIQW
5031,VTNR
5032,VTRS
5033,VTRU
5034,VTSI
5035,VTVT
5036,VTWG
5037,VTWO
5038,VTWV
5039,VTYX
5040,VUZI
5041,VVOS
5042,VVPR
5043,VWE
5044,VWOB
5045,VWTR
5046,VXRT
5047,VXUS
5048,VYGR
5049,VYMI
5050,VYNE
5051,VYNT
5052,WABC
5053,WAFD
5054,WAFDP
5055,WAFU
5056,WALD
5057,WALDU
5058,WALDW
5059,WASH
5060,WATT
5061,WAVE
5062,WB
5063,WBA
5064,WBND
5065,WCBR
5066,WCLD
5067,WDAY
5068,WDC
5069,WDFC
5070,WEN
5071,WERN
5072,WETF
5073,WEYS
5074,WFCF
5075,WFRD
5076,WGRO
5077,WHF
5078,WHFBZ
5079,WHLM
5080,WHLR
5081,WHLRD
5082,WHLRL
5083,WHLRP
5084,WILC
5085,WIMI
5086,WINA
5087,WINC
5088,WING
5089,WINT
5090,WINV
5091,WINVR
5092,WINVU
5093,WINVW
5094,WIRE
5095,WISA
5096,WISH
5097,WIX
5098,WIZ
5099,WKEY
5100,WKHS
5101,WKME
5102,WKSP
5103,WKSPW
5104,WLDN
5105,WLFC
5106,WLTW
5107,WMG
5108,WMPN
5109,WNDY
5110,WNEB
5111,WNW
5112,WOOD
5113,WOOF
5114,WORX
5115,WPRT
5116,WRAP
5117,WRLD
5118,WSBC
5119,WSBCP
5120,WSBF
5121,WSC
5122,WSFS
5123,WSTG
5124,WTBA
5125,WTER
5126,WTFC
5127,WTFCM
5128,WTFCP
5129,WTRH
5130,WVE
5131,WVFC
5132,WVVI
5133,WVVIP
5134,WW
5135,WWACU
5136,WWD
5137,WYNN
5138,XAIR
5139,XBIO
5140,XBIOW
5141,XBIT
5142,XCUR
5143,XEL
5144,XELA
5145,XELB
5146,XENE
5147,XENT
5148,XERS
5149,XFINU
5150,XFOR
5151,XGN
5152,XLNX
5153,XLO
5154,XLRN
5155,XM
5156,XMTR
5157,XNCR
5158,XNET
5159,XOMA
5160,XOMAO
5161,XOMAP
5162,XOS
5163,XOSWW
5164,XP
5165,XPAX
5166,XPAXU
5167,XPAXW
5168,XPDI
5169,XPDIU
5170,XPDIW
5171,XPEL
5172,XPER
5173,XRAY
5174,XRTX
5175,XRX
5176,XSPA
5177,XT
5178,XTLB
5179,XXII
5180,YELL
5181,YGMZ
5182,YI
5183,YJ
5184,YLDE
5185,YMAB
5186,YMTX
5187,YNDX
5188,YORW
5189,YQ
5190,YSAC
5191,YSACU
5192,YSACW
5193,YTEN
5194,YTRA
5195,YVR
5196,YY
5197,Z
5198,ZAZZT
5199,ZBRA
5200,ZBZZT
5201,ZCMD
5202,ZCZZT
5203,ZD
5204,ZEAL
5205,ZENV
5206,ZEST
5207,ZEUS
5208,ZG
5209,ZGNX
5210,ZGYH
5211,ZGYHR
5212,ZGYHU
5213,ZGYHW
5214,ZI
5215,ZION
5216,ZIONL
5217,ZIONO
5218,ZIONP
5219,ZIOP
5220,ZIVO
5221,ZIVOW
5222,ZIXI
5223,ZJZZT
5224,ZKIN
5225,ZLAB
5226,ZM
5227,ZNGA
5228,ZNTE
5229,ZNTEU
5230,ZNTEW
5231,ZNTL
5232,ZS
5233,ZSAN
5234,ZT
5235,ZTAQU
5236,ZTAQW
5237,ZUMZ
5238,ZVO
5239,ZVZZC
5240,ZVZZT
5241,ZWRK
5242,ZWRKU
5243,ZWRKW
5244,ZWZZT
5245,ZXYZ.A
5246,ZXZZT
5247,ZY
5248,ZYNE
5249,ZYXI